Receiver_ID,Name,Type,City,Contact
1,Donald Gomez,Shelter,Port Carlburgh,(955) 922-5295
2,Laurie Ramos,Individual,Lewisburgh,(761) 042-1570
3,Ashley Mckee,NGO,South Randalltown,(691) 023-0094
4,Erika Rose,NGO,South Shaneville,(829) 649-1111
5,John Romero,Individual,Bakerport,(067) 491-0154
6,Mandy Sutton PhD,Shelter,East Sharimouth,(682) 777-5357
7,Kenneth Baker,NGO,South Edwinborough,(126) 645-6386
8,James Perez,Charity,Benjaminburgh,(986) 748-6688
9,Emily Turner,Shelter,West Robert,(631) 022-6157
10,Mary Salazar,NGO,Wrightland,(187) 333-7518
11,Amber Pacheco,Individual,South Gregorymouth,(155) 960-7276
12,Jennifer Bishop,NGO,Katherineside,(801) 363-6355
13,Jamie Sutton,Shelter,Lake Matthewstad,(176) 847-8920
14,Brian Fischer,Shelter,Burkeside,(947) 041-3246
15,Donald Kelly,NGO,Port Ronald,(935) 798-5303
16,Elizabeth Lewis,NGO,Port Tara,(500) 386-3867
17,Melissa Castillo,NGO,Silvaport,(699) 232-9544
18,Lisa Williams,NGO,Moranhaven,(360) 505-5780
19,Courtney Sanders,NGO,North Cynthiaberg,(083) 754-0501
20,George Palmer,NGO,Sandrahaven,(744) 838-6083
21,Emily Davidson,NGO,Jonesside,(893) 473-0769
22,Kristina Meza,Shelter,Lake Nicole,(125) 160-0319
23,Kurt Ward,Individual,Aliciabury,(479) 035-9976
24,Tammy Moore,Individual,Monicafort,(721) 105-5278
25,Lisa Mcclain,NGO,Lake Elizabeth,(292) 153-9082
26,Kimberly Lindsey,Charity,Port Matthewmouth,(979) 511-1434
27,Johnny Page,NGO,Susanfurt,(251) 922-2940
28,Mary Franklin,Individual,Courtneyfurt,(046) 188-9986
29,Nicholas Robinson,NGO,Lake Kendra,(930) 104-8973
30,Bruce Sanchez,Shelter,North Heather,(598) 459-1819
31,Rose Powell,NGO,Spencermouth,(247) 152-7297
32,Audrey Perez,Individual,Taylorfort,(637) 025-7736
33,Anita Kerr,NGO,Walshfort,(568) 992-9509
34,Megan Alvarez,Individual,North Robert,(624) 432-9386
35,James Castaneda,Shelter,South Rachaelhaven,(932) 277-2945
36,Teresa Davis,Charity,Olsonville,(737) 507-3051
37,Angel Adams,Shelter,West Erik,(785) 849-9596
38,Alexander Mullins,Charity,Josephview,(248) 481-7680
39,John Ramirez,Shelter,Moorechester,(859) 701-8773
40,Abigail Davis,Individual,West Carrie,(307) 825-3197
41,Julia Elliott,Shelter,Port Kellyburgh,(613) 882-6551
42,Maria Jacobs,NGO,Port Dawntown,(225) 019-8954
43,Bobby Perry,Charity,Amberfort,(020) 628-9733
44,Andrew Lawson,Shelter,Davisborough,(622) 566-7870
45,Derek Potter,Charity,South Laurachester,(497) 372-7517
46,Kevin Lee,Charity,East Teresahaven,(354) 253-8089
47,Taylor Dean,Shelter,Moorechester,(297) 100-5658
48,Jennifer Graham,Individual,East Saraport,(979) 746-0394
49,Gabriel Nicholson,Charity,South Tonyaborough,(030) 052-3339
50,Brian Gonzales,NGO,North Sarah,(241) 438-2803
51,Timothy Clark,Charity,Port Johnchester,(217) 662-1143
52,Cheryl Dillon,NGO,Hornemouth,(350) 146-1578
53,Cassandra Owens,Shelter,Tomburgh,(813) 193-7735
54,Veronica Howard,NGO,Higginsmouth,(517) 632-2362
55,Erika Rodriguez,Shelter,Larastad,(732) 132-0041
56,Deborah Smith,Individual,Jasonshire,(996) 039-4276
57,Christopher Lozano,Individual,New Mary,(217) 827-0862
58,Julia Madden,Shelter,Michaelton,(321) 207-8844
59,Alicia Thomas,Charity,Lake Mary,(604) 320-0347
60,Jessica Rivas,NGO,Phillipborough,(351) 783-1595
61,John Vazquez,Charity,South Kathleenbury,(237) 065-6422
62,Nichole Lewis,NGO,North Catherinefurt,(777) 445-5269
63,David Turner,Charity,East William,(445) 605-2297
64,Debra Sheppard,Shelter,North Darinshire,(726) 678-1689
65,Cody Gardner,NGO,Port Belinda,(565) 395-0421
66,Jade Jackson,Individual,West Jaclyn,(098) 158-2253
67,Rodney Walker,Shelter,Strongshire,(833) 385-7777
68,Wesley Thompson,Charity,Edwardburgh,(901) 255-2891
69,Scott Brown,NGO,East Dylan,(302) 197-9398
70,Carolyn Whitaker,Individual,Gregoryville,(665) 178-3261
71,Timothy Daniel,Charity,New Gloriaburgh,(562) 181-9662
72,Charles Davidson,Shelter,West Angelatown,(294) 698-2957
73,Kimberly Mills,NGO,Christineton,(288) 821-5439
74,Patricia Smith,NGO,Laurafurt,(220) 453-5600
75,Nicholas Smith,Charity,Manningtown,(605) 970-1115
76,Anna Lopez,Individual,North Jenniferside,(805) 624-5306
77,Juan Spencer,Individual,North David,(144) 242-7963
78,Aaron Davis,Shelter,Marshallton,(231) 082-0755
79,Meagan Ramirez,Charity,Angelaville,(671) 666-7691
80,Eric Jackson,Individual,Knightburgh,(732) 602-3388
81,Theresa Ramirez,NGO,Port Gregoryport,(582) 895-7478
82,Laura Bennett,NGO,Evansside,(379) 719-1693
83,Julie Hines,NGO,Davidview,(143) 601-6545
84,Deanna Lewis,NGO,East Kelli,(093) 855-0061
85,Jeffery Mueller,Charity,Lake John,(302) 493-2900
86,Jessica Grant,Charity,Smithshire,(601) 132-1809
87,Tammy Walker MD,Charity,West Ronaldland,(982) 044-7177
88,Eric Ryan DDS,NGO,Lake Daniel,(677) 794-6847
89,Mr. David Lambert,Individual,Robinsonside,(929) 841-1999
90,Alvin West,Shelter,Kellybury,(417) 314-8724
91,Ashley James,Charity,Garrettborough,(192) 784-7581
92,Bridget Peterson,NGO,Greenton,(509) 037-6331
93,Allison Bray,Individual,Alexatown,(122) 277-3588
94,Timothy Patel DVM,Charity,New Jessica,(046) 832-9667
95,Anthony Green,NGO,Laurafort,(706) 024-9230
96,Michael Walls,Individual,Carterside,(650) 930-7741
97,Nathan May,Charity,South Veronicaburgh,(808) 784-9354
98,Brian Cowan,Individual,Henryhaven,(234) 142-1265
99,Nancy Silva,Individual,Russellville,(929) 221-3591
100,Melissa Little,NGO,Robertaborough,(250) 263-7746
101,Nicole Reid,Shelter,Hollytown,(808) 564-6895
102,Daniel Burton,Individual,North Matthewhaven,(972) 284-4190
103,Karen Cruz,Individual,West Justin,(500) 583-5978
104,Victor Reyes,Charity,North Joshuafort,(411) 230-8872
105,Trevor Wilson,NGO,North Pamela,(651) 719-1403
106,David Johnson,Individual,Lake Rebecca,(035) 019-0294
107,Jessica Morris,NGO,Port Elizabethton,(137) 776-1761
108,Suzanne Dawson,NGO,East Josephstad,(682) 159-2143
109,Rachel Nguyen,NGO,Theresamouth,(040) 545-2043
110,Karla Castillo,NGO,Lake Michaelton,(192) 811-2685
111,Deanna Flores,NGO,West Johnny,(669) 294-9581
112,Brady Lopez,Individual,Michaeltown,(831) 275-5906
113,Jonathan Young,Shelter,Georgeborough,(164) 864-1786
114,John Chase,NGO,Meganton,(530) 424-6470
115,Anthony Carter,Shelter,Scottmouth,(499) 726-7360
116,Mark Lee,Individual,Port Teresa,(983) 757-6830
117,Kelly Pierce,Shelter,East Heatherborough,(517) 232-1717
118,Matthew Tran,Charity,South Franciscoport,(583) 144-1560
119,Jasmine Robertson,Individual,Deanview,(388) 078-6769
120,Matthew Ramos,Shelter,Kennethberg,(503) 563-9703
121,Gavin Freeman,NGO,Ayalamouth,(782) 681-4168
122,Drew Cline,NGO,Port Patriciachester,(517) 828-7715
123,Teresa Williams,Charity,South Alexandraport,(673) 228-8829
124,Marie Andrade,Charity,Meghanfort,(314) 096-2823
125,Tammy Smith,Individual,Campbellchester,(668) 537-1925
126,Heather Brown,NGO,North Lori,(836) 116-1365
127,Hayden Hill,NGO,North Roger,(143) 112-5754
128,Sarah Carter,Charity,New Benjamin,(513) 018-5852
129,Denise Martinez,Charity,Drakeburgh,(463) 887-8557
130,Matthew Hughes,Charity,Marieview,(468) 431-4471
131,Shawn Mills,Charity,Jeffhaven,(951) 192-1790
132,Katherine Gomez,Charity,South Jasonberg,(609) 802-2108
133,Robert Johnson,NGO,West James,(301) 749-5770
134,Emily Christian,Individual,Marcusberg,(724) 629-2189
135,Jeanne Spencer,Shelter,Huntermouth,(987) 474-6001
136,Katherine Murphy,NGO,New Elaine,(067) 506-4790
137,James Jones,NGO,Bakerfort,(122) 421-6342
138,Christina Potter,NGO,Phillipsbury,(366) 144-4542
139,Charles Martin,NGO,New Christopher,(586) 009-0817
140,Kristin Scott,Shelter,North Christina,(598) 905-9117
141,Christine Gray,Individual,Dawnview,(466) 538-0401
142,Melody Good,NGO,Wilsonfort,(880) 273-2716
143,Amanda Hendricks,Shelter,Nancyshire,(009) 494-1313
144,Jennifer Nelson,Individual,North Paul,(613) 802-7241
145,David Hull,Shelter,Tanyachester,(139) 804-6633
146,John Cummings,Individual,Joshuamouth,(134) 464-6051
147,Sara Wise,NGO,New Shannonbury,(086) 773-6881
148,Robert Simon,NGO,North Amandafort,(172) 646-7107
149,Nathan Willis,NGO,Danielfort,(830) 318-9696
150,Kelly Howe,Charity,Davidmouth,(096) 059-3098
151,Lisa Eaton,Shelter,New Aimeemouth,(342) 869-6733
152,Jasmine Miranda,Individual,Caseyland,(913) 509-4800
153,Jason Holmes,Individual,Williamtown,(865) 533-0612
154,Thomas Johnson,Shelter,Lake Victoriaport,(626) 794-5876
155,Christopher Kennedy,Shelter,Patriciaton,(509) 179-8044
156,Corey Mitchell,Charity,Jacobsmouth,(392) 115-8557
157,Jason Davis,Individual,Charleston,(523) 114-6883
158,Gregory Murphy,Individual,South Ashley,(090) 319-2480
159,Angela Cortez,NGO,Lisaton,(685) 216-4851
160,Tracy Hartman,Charity,South Jill,(947) 203-9101
161,Mary Nguyen,Charity,Mcclurestad,(453) 182-2743
162,Douglas Baxter,Individual,Amandaville,(139) 598-2308
163,Jennifer Anderson,Charity,Daleshire,(073) 375-4139
164,Aaron Scott,Charity,Heatherfurt,(075) 863-3168
165,Danielle Bailey,Shelter,East Sarahtown,(326) 806-0927
166,Danielle Willis,Charity,Ginamouth,(870) 458-3747
167,Erica Fox,Charity,West Shawn,(029) 918-8786
168,Kayla Johnson,Shelter,East Timhaven,(786) 534-5065
169,Jon Stanton,Charity,Nguyenfurt,(467) 723-2786
170,Adam Browning,Charity,Port Erica,(196) 596-9067
171,Suzanne Velasquez,NGO,Joanchester,(305) 672-4633
172,Nicole Brown,Charity,Thomaston,(216) 121-6760
173,Jason Moore,NGO,West Courtneyport,(913) 468-5154
174,Matthew Johnson,Individual,Smithstad,(285) 859-0597
175,Stephanie Hoffman,Individual,New Tiffany,(972) 598-5363
176,Brendan Farley,NGO,Nicoleport,(376) 330-3007
177,Tonya Lucas,NGO,Robertsonchester,(913) 542-6523
178,Deanna Jarvis,Shelter,Port Emilymouth,(799) 565-8611
179,Adam Hodge,Charity,West Krystalview,(163) 751-5462
180,Michelle Cook,Shelter,Peterhaven,(412) 902-4858
181,Paul Evans,NGO,Smithshire,(322) 240-0397
182,Troy Miller,Charity,Seanside,(890) 148-5867
183,Nicole Walker,Individual,Thomasland,(617) 475-6913
184,Matthew Sanchez,Individual,Port Melissa,(715) 920-1622
185,Shannon Pineda,Individual,Lake Amanda,(129) 249-0893
186,John Massey,Shelter,Heathertown,(499) 590-7798
187,Amy Thomas,Shelter,Lake Erica,(215) 295-0597
188,Tina Ingram,Charity,Angelicatown,(967) 134-3646
189,Stephen Smith,Individual,Maxberg,(690) 326-1349
190,Maria Jackson,Charity,North Shelby,(016) 041-6963
191,Brent Anderson,Shelter,New Seanburgh,(225) 478-7600
192,Rhonda King,Individual,Toddborough,(367) 958-5492
193,Jesse Brown,Charity,Figueroaport,(481) 425-0706
194,Alan Campbell,NGO,Shawmouth,(942) 807-0793
195,John Martin,Charity,New Jason,(581) 174-6644
196,Tara Bauer,Charity,Port Dustin,(709) 935-2878
197,Deanna James,Shelter,East Tinamouth,(839) 100-6940
198,Scott Anderson,Individual,East Teresamouth,(733) 296-8887
199,Ashley Rivers,Individual,East Sharon,(988) 051-2193
200,Nicole Williams,NGO,East Jillian,(785) 780-7784
201,Calvin Lucas,Individual,Corybury,(417) 730-9502
202,Veronica Coleman,NGO,North Mario,(096) 512-5528
203,Vincent Matthews,Shelter,Allenmouth,(033) 599-8576
204,Rachel Thomas,Individual,North Lindachester,(417) 873-5848
205,Kimberly Wilkins,Charity,West Casey,(378) 316-2949
206,Ashley Brooks,Individual,Ramseystad,(428) 820-9314
207,Nicholas Holloway,Shelter,South Kendraville,(719) 821-9201
208,Michael Flores,Charity,Andrewmouth,(972) 682-8043
209,Gina Payne,Individual,Steveberg,(960) 884-6634
210,Tara Mcmahon,NGO,South Anna,(283) 528-8473
211,Judy Griffith,Charity,Baileyville,(255) 391-6382
212,Ronald Gonzalez,Shelter,Stevenmouth,(946) 378-3210
213,Kelly Barber,NGO,Emilymouth,(259) 420-4088
214,Corey Rodriguez,NGO,New Roseville,(866) 544-7425
215,Mr. Matthew Johnson DDS,Charity,Port Stephen,(173) 311-0659
216,Morgan Massey,Charity,West Amybury,(929) 286-6902
217,Kelsey Holloway DDS,Charity,Ashleyborough,(300) 705-1978
218,Corey Lamb,Charity,New Daniel,(882) 893-9920
219,Alex Rogers,Charity,Lake Austinmouth,(017) 613-1019
220,Cassandra Mendoza,NGO,Dantown,(261) 267-3922
221,Rebecca Goodman,Shelter,Robinsonland,(392) 221-8538
222,Stephanie Jones,Shelter,West Aaronport,(029) 940-1111
223,David Henderson,Charity,Hallside,(976) 946-9613
224,Franklin Kelley,Charity,East Jacob,(207) 767-8809
225,Joseph Bowman,NGO,West Jessica,(363) 434-2847
226,Daniel Kerr,Charity,Fergusonton,(548) 955-9384
227,Samuel Hodge,NGO,Port Maria,(302) 463-7516
228,Joanna Wilkins,Charity,Singletonview,(796) 888-1488
229,Tina Watkins,Shelter,Bushview,(777) 479-5306
230,Nathaniel Moreno,NGO,Poolestad,(816) 818-9063
231,Christopher Barrett,Charity,Port Brianville,(099) 740-1254
232,David Smith,Charity,Davidshire,(106) 465-7709
233,Alicia Porter,Charity,Port Ericmouth,(652) 614-2884
234,Keith Atkinson,Charity,Lake Julia,(686) 968-4161
235,Megan Freeman,NGO,Rogerburgh,(510) 274-6183
236,Duane Burnett,Charity,New Derek,(590) 114-4533
237,Cathy Adams,Shelter,West Josephshire,(269) 061-4726
238,Kendra Krause,NGO,Davisburgh,(450) 032-0502
239,Lindsay Garcia,NGO,North Kimberlyport,(072) 215-1225
240,Ronald Miller,Shelter,Edwardsside,(018) 063-3263
241,Elizabeth Dunn,Charity,Wilsonfurt,(069) 221-0114
242,Matthew Pearson,NGO,Garciaview,(621) 223-5497
243,Alexis Smith,NGO,West Vickie,(272) 079-3939
244,Jason Ramos,Shelter,Carolhaven,(146) 014-0992
245,Rebecca Sanchez,Shelter,New Craig,(586) 413-7361
246,Kristi Wagner,Shelter,Lake Darrellburgh,(264) 255-1562
247,John Mitchell,Charity,Aaronshire,(095) 184-7835
248,Victoria Lee,Charity,New Abigail,(979) 786-2359
249,Zachary Lewis,Charity,Lake Kelli,(031) 869-4632
250,Jamie Ferguson,Charity,Jenniferberg,(052) 150-4048
251,Sarah Hodges,NGO,Martinland,(016) 163-1445
252,Angela Dunlap,Individual,New Julian,(854) 203-2129
253,Adam Pittman,NGO,West Christiantown,(455) 915-1588
254,Felicia Wilkinson,Shelter,Williamsfort,(403) 423-0469
255,Walter Myers,Individual,New Tina,(285) 278-8381
256,Derek Wilson,Individual,Christopherland,(963) 859-7585
257,David Bryant,Shelter,South Amy,(434) 290-3119
258,Scott Grant,Individual,Port Samantha,(691) 849-8860
259,Aimee Stone,NGO,Barnesport,(104) 394-7041
260,Patricia White,Charity,Lake Jessicaborough,(434) 635-4716
261,Maria Lang,NGO,East Moniquemouth,(795) 261-1223
262,Autumn Reed,NGO,East John,(001) 202-0048
263,Ann Mcclure,Shelter,West Johnmouth,(335) 776-9231
264,Sandra Townsend DVM,NGO,West Kelly,(135) 886-0842
265,Rebecca May,Individual,Murrayview,(783) 144-3726
266,Stacy Mayo,Shelter,Bauerton,(364) 925-2936
267,Randall Robbins,Shelter,Dylanton,(382) 112-6000
268,Steven Morton Jr.,Shelter,Kellybury,(884) 503-7406
269,Mrs. Paula Jones,Individual,Emilymouth,(935) 377-2742
270,Darlene Fernandez,Shelter,Monicaton,(079) 287-4429
271,Mark Hartman,Individual,East Ashleyshire,(818) 015-1582
272,Walter Carter,Shelter,Brianchester,(170) 734-4123
273,Jonathan Soto,Charity,Autumnbury,(247) 993-8111
274,Robin Ross,Individual,East Williamborough,(780) 754-0093
275,Michael Johnson,Individual,Longmouth,(081) 042-8712
276,Scott Hunter,Individual,Greenton,(074) 305-5053
277,Austin Jones,Charity,Brandonside,(601) 474-8397
278,Jay Roberts,Shelter,West Christopher,(435) 815-1380
279,Angela Wyatt,Charity,Port Jessica,(592) 913-1646
280,Jesse Miller,Shelter,Port Samanthamouth,(142) 076-4130
281,Mrs. Kristin Adams DDS,Charity,Lake Christychester,(073) 764-3235
282,Lisa Pitts,Shelter,Lake Stephenport,(709) 342-3522
283,Edward Cook,Charity,Isaiahtown,(990) 534-5202
284,Beth Sanchez,NGO,Dustinfurt,(896) 737-8178
285,Derrick Curtis,NGO,Stephaniechester,(140) 095-1639
286,Travis Hughes,Shelter,Castilloland,(905) 976-6704
287,Jennifer Johnson,Charity,Burnettton,(797) 097-1389
288,Christopher Larsen,NGO,Susanview,(146) 422-6270
289,Nathan Reynolds,Shelter,Lake Tina,(029) 522-6591
290,Karen Brennan,Shelter,Hannahside,(693) 532-4960
291,Dawn Thompson,Charity,North Josephland,(141) 973-6585
292,Mrs. Emily Smith DVM,NGO,Shermantown,(348) 542-4932
293,Randy Roach,Charity,East Bryan,(888) 534-4534
294,Cynthia Horton,NGO,Jamesstad,(535) 576-5970
295,Joseph Williams,Individual,East Dale,(112) 513-9413
296,Pamela Santos,Shelter,Lake Michael,(865) 186-5350
297,Deanna Daniels,Individual,Aguilarstad,(436) 929-2288
298,Robert Burke,NGO,Marksmouth,(995) 297-8023
299,Michael Curtis,Shelter,Alexanderbury,(523) 687-8881
300,Jeanne Benjamin,NGO,North Alexander,(595) 000-7971
301,Kristina Simpson,NGO,Melissaport,(375) 245-3906
302,Daniel Moore,Charity,Port Richard,(176) 809-8232
303,Joseph Davis,NGO,Millerport,(779) 802-6319
304,Jennifer Ayala,NGO,Edwardshaven,(929) 015-8411
305,Brendan Vargas,NGO,Kellyville,(981) 660-6741
306,Donna Williams,Charity,Calebview,(083) 313-0990
307,Logan Becker,Charity,North Patriciamouth,(226) 239-1432
308,Robin Pena,NGO,Cynthiashire,(691) 775-8145
309,Bryan Smith,Individual,New Julia,(127) 550-6441
310,Gary Adams,Individual,New Sara,(323) 823-4026
311,Tina Jackson,Charity,Geraldchester,(103) 002-5677
312,Pamela Morales,NGO,Schaeferfort,(791) 624-2530
313,David Marsh,Shelter,North Kimberlyfort,(498) 526-5768
314,Kelsey Smith,Shelter,Haleymouth,(764) 989-3036
315,Anthony Harris,Individual,West Aaronberg,(811) 306-2805
316,Jacob Montoya,NGO,Meganmouth,(609) 858-6366
317,Martha Flores,NGO,Lake Glenview,(568) 426-0750
318,Michael Carter,Charity,Danielborough,(149) 468-9647
319,Donald Bender,Charity,Andersenfort,(262) 899-6349
320,Carmen Barker,Shelter,North Williamview,(151) 284-3163
321,Wanda Wise,Shelter,South Bethanyport,(940) 028-0493
322,Stephanie Mathews,Shelter,North Ashleymouth,(852) 242-7762
323,Linda Banks,Individual,New Sarahmouth,(323) 540-9403
324,Kristine Martin,NGO,Thompsonhaven,(444) 954-4127
325,Lawrence Owens,Individual,South Amybury,(565) 748-7655
326,Douglas Jacobs,NGO,East Gina,(819) 072-2490
327,Aaron Keller,Shelter,Melissaview,(799) 568-0302
328,Carlos Lawrence,Individual,New Justinhaven,(272) 580-3538
329,Christine Patterson,Individual,Edwardfort,(270) 907-0981
330,Kimberly Hamilton,Individual,North Bruce,(398) 486-8232
331,Shane Stein,Individual,Reidton,(086) 799-6277
332,Raymond Harris,Charity,Hammondfort,(173) 185-2783
333,Gabriel Vargas,Charity,Chaseview,(343) 254-2598
334,Gina Wu DDS,Shelter,Lake Melindaside,(484) 350-0946
335,Deborah Sexton,Shelter,Victoriastad,(899) 936-4720
336,Laura Marshall,Charity,East Lisafurt,(389) 167-7916
337,Jennifer Schmidt,Individual,South Michelleshire,(007) 561-4094
338,Patrick Zimmerman,Shelter,Thomasberg,(913) 638-9318
339,Dustin Johnson,Individual,Gomezmouth,(171) 995-2815
340,John Baxter,NGO,New William,(894) 441-9136
341,Anna Buckley,Individual,Murphyfort,(421) 281-9097
342,Kristina Vargas,Charity,Lake Rebeccaton,(364) 779-6707
343,Roberto Stanley,Shelter,Melindaview,(273) 299-4177
344,Barbara Velasquez,Charity,Priceborough,(669) 247-4183
345,Eric Ramos,Individual,Rushfurt,(515) 928-1587
346,Mr. Mark Knight DVM,Charity,East Joseph,(757) 796-7872
347,Michael Keller,Individual,New Derek,(000) 572-1246
348,Donna Hughes,Individual,Maryfort,(352) 520-3779
349,Gwendolyn Johnson,Individual,West James,(649) 714-9926
350,Sylvia Stanley,Shelter,Jenniferbury,(065) 230-0281
351,Kerry Jones,Charity,New Christopher,(725) 779-5651
352,Cody Martin,Individual,Angelamouth,(239) 678-6580
353,Mrs. Stacey Morales MD,Individual,Juliastad,(866) 050-9817
354,Kimberly Nelson,Charity,Lake Lesliemouth,(009) 475-3945
355,Brian Hoffman,Shelter,Lake Dillonborough,(718) 753-5421
356,Brian Cherry,Charity,Swansonport,(673) 372-2010
357,Jacob Orozco,Individual,West Jeffrey,(787) 834-8225
358,Brian Davis,Charity,Williamsfort,(750) 646-5852
359,Travis Walker,NGO,West Dan,(843) 905-0785
360,Tammy Boone,Shelter,New Christopher,(301) 713-7646
361,Samuel Lewis,Individual,North Nicole,(381) 807-5033
362,Elizabeth Collins,Shelter,Johnland,(601) 532-8275
363,Stephanie West,Charity,North Jamesfurt,(794) 254-5542
364,Keith Gray,Charity,New Corey,(297) 087-3713
365,Melissa Green,Shelter,South John,(621) 698-0426
366,Tony Holmes,NGO,Jaredport,(623) 131-4040
367,Ricardo Roberts,Individual,West Matthewborough,(371) 857-1738
368,Debra Murray,NGO,Duncanchester,(566) 832-5437
369,Sherry Hall,NGO,Davidmouth,(256) 166-3623
370,Tara Johns,Individual,Paulmouth,(374) 171-5991
371,William Frederick,NGO,Port Dean,(228) 551-9866
372,Harold Bowen,Charity,South Barbaraburgh,(732) 692-1653
373,Seth Esparza,Shelter,Port Brandonberg,(259) 761-6873
374,Ricky Walker,Individual,Port Johnstad,(066) 700-7862
375,Melissa Smith,Shelter,Lake Stevenburgh,(616) 230-5539
376,John Reeves,NGO,Jamieview,(050) 306-9244
377,Patrick Campbell,NGO,Leeton,(705) 806-4686
378,Brandi Buckley,Shelter,Lawrencechester,(518) 742-2945
379,Tara Graham,Shelter,Lake Cory,(617) 869-7697
380,Heather Silva,Charity,Lake Ryan,(134) 082-6530
381,Yvette Huffman,Charity,Reevestown,(839) 851-8386
382,Patricia Stevens,Shelter,Perezport,(628) 479-0049
383,Melissa Kennedy,Individual,West Tina,(129) 335-4916
384,Anthony Guerra,Charity,North Michelle,(102) 222-7070
385,William Barnes,Shelter,Kellyfurt,(257) 241-0749
386,Mary Hopkins,Individual,Tiffanyport,(476) 350-8465
387,Michael Proctor,Charity,Lisafurt,(119) 549-4969
388,Nicole Mueller,Charity,Rachelberg,(241) 269-1178
389,Kelly Buchanan,Charity,Lake Jonathanchester,(106) 927-5178
390,Victor Crawford,NGO,New Brandonton,(389) 087-5252
391,Regina Munoz,NGO,Lake Clinton,(585) 955-3149
392,Tracy Douglas,NGO,Gordonstad,(084) 522-8932
393,Dana Simmons,Shelter,West Jorge,(005) 720-2323
394,Kyle Kerr,Charity,Sarahville,(065) 853-7158
395,Joseph Davis,Charity,Sherryhaven,(426) 870-2757
396,Allison Martinez,NGO,New Amy,(945) 511-1142
397,Mr. Robert Rivera II,Individual,Bergerport,(470) 154-5478
398,Alex White,Charity,Port Carmen,(226) 363-8449
399,Jennifer Hughes,Charity,West Donnaton,(147) 430-1204
400,John Byrd,Shelter,West Randall,(219) 313-6702
401,Leslie Acevedo,Charity,Lake Matthew,(028) 737-3556
402,Nicholas Mosley MD,Individual,North Manuel,(759) 332-7128
403,John Collins,Shelter,New Deborahville,(237) 766-3335
404,Marissa Fischer,Shelter,New Kevin,(454) 463-8142
405,David Evans,Shelter,Chambersmouth,(316) 221-9715
406,Ashley Martinez,NGO,Lake Crystal,(151) 521-2736
407,Arthur Thomas,Charity,Clarkhaven,(797) 615-8560
408,Jennifer Mccoy,Individual,Morganville,(430) 171-1148
409,Matthew Simmons PhD,Shelter,Brandonhaven,(040) 668-4559
410,Betty Reid,Charity,North Abigail,(526) 626-7117
411,Eric Kaiser,Shelter,West Mikayla,(493) 969-0455
412,David Carney,NGO,Port Dianemouth,(710) 732-1565
413,Dennis Schultz,NGO,New Natalieland,(348) 049-0216
414,Dr. Matthew Hughes DDS,NGO,Christopherchester,(126) 714-2290
415,Kevin Blair,Individual,Lake Laurenburgh,(887) 033-5757
416,Ernest Cox,Shelter,Christinaland,(061) 462-4166
417,Justin Santos,NGO,Rayfurt,(953) 221-6291
418,Miss Mary Turner,Charity,North Holly,(899) 330-2450
419,Teresa Jackson,Shelter,Port Thomasstad,(620) 115-6715
420,Susan Green,Charity,Josephborough,(716) 778-7428
421,Jonathan Copeland,Shelter,Jonathanview,(836) 048-1897
422,Tina Bean,Charity,South Tyler,(877) 090-0264
423,Christine Bell,Individual,South Edwardburgh,(172) 033-3196
424,Pamela Harris,Charity,Lewisfort,(320) 562-3060
425,Robert Chavez,NGO,Chadport,(886) 049-9104
426,Jose Rivas,Shelter,Rosaleschester,(411) 455-9848
427,Toni Johnson,NGO,Lake Steven,(045) 229-8601
428,Elizabeth Galvan,NGO,Lake Karen,(896) 018-1230
429,Daniel Williams,Shelter,Russellburgh,(288) 609-3038
430,April Johnson,NGO,Pagemouth,(540) 486-0312
431,Mr. Gregory Thompson,Charity,East Douglas,(725) 348-5813
432,Julie Brown,NGO,East Melissaport,(544) 200-6673
433,Michael Dunn,Individual,Lake Kyleside,(263) 994-2712
434,Jason Alvarez,NGO,South Connorview,(107) 164-5994
435,Whitney Evans,Shelter,Martinezside,(355) 911-9659
436,Jacqueline Turner,NGO,Robertsport,(937) 841-8251
437,Lindsey Lewis,Shelter,West Rogerview,(610) 209-8312
438,Jane Davis,Individual,Lake Joshuaville,(480) 554-8487
439,Erika Lopez,Shelter,North Margarethaven,(117) 027-1702
440,Alexander Walsh,Individual,Troyshire,(443) 638-7858
441,Cynthia Johnson,Charity,West Cherylland,(716) 098-0270
442,Natasha Harper,NGO,Port Sara,(474) 763-3272
443,Brittany Anderson,Individual,Port Michaelmouth,(610) 921-4134
444,Michael Simmons,Individual,Coreymouth,(427) 237-3480
445,Christopher Williams,NGO,North Kathryn,(304) 550-4023
446,Eric Mays,NGO,Port Deborahbury,(555) 698-7496
447,Erika West,Individual,Mikemouth,(409) 663-4270
448,Nicholas Harrison,Shelter,New Timothymouth,(015) 575-2106
449,Mrs. Valerie Hartman,NGO,Port Jenniferborough,(127) 121-8776
450,Russell Smith,Charity,New Rebecca,(581) 575-6141
451,Marcus Gregory,Shelter,Hollyside,(452) 490-4054
452,Tina Banks,Charity,Port Judith,(986) 535-7620
453,Kristen Alvarado,NGO,Davidport,(965) 776-9092
454,Steven Griffin,NGO,Cruzborough,(511) 595-0189
455,Jennifer Kennedy,Individual,Port Deborah,(958) 189-3095
456,Rodney Perkins,Charity,Lake Christina,(291) 423-8876
457,Ryan Cole,Charity,Sandratown,(477) 548-6956
458,Michael Vargas,Charity,East Andrewhaven,(932) 466-1933
459,Brandon Riley,NGO,Powerston,(742) 364-6134
460,Karen Stafford,Shelter,West Justinberg,(040) 774-3704
461,Tonya Lewis,NGO,Edwardport,(969) 319-7491
462,Timothy Martin,Charity,Lake Adriennechester,(068) 680-4383
463,Frank Jackson,Charity,North Jeffreychester,(441) 504-6385
464,Richard Parsons,Shelter,Bushbury,(781) 993-1106
465,Makayla Davis,Shelter,Chrisport,(282) 929-9573
466,Christine Ashley,Individual,South William,(067) 618-4352
467,Nathan Gonzales,Charity,East Daniel,(543) 908-4807
468,David Castro,Shelter,Heatherhaven,(701) 529-8611
469,Steven Martinez,Individual,Johnsonberg,(772) 398-6224
470,Edwin Osborne,NGO,North Robinville,(160) 605-7945
471,David Fuentes,NGO,North Kimberlyland,(767) 966-0659
472,Brian Hill,Charity,Port Dominique,(468) 666-0994
473,Justin Powell,Shelter,Port Sarah,(823) 112-3947
474,Christine Lawrence,Charity,Bobbyfort,(936) 378-6017
475,Kim Gamble,Individual,East Ginafort,(076) 275-8691
476,Jennifer Baker,Shelter,Castilloshire,(340) 509-3899
477,Jorge Young,Shelter,Lake Rebeccaton,(208) 678-3432
478,Benjamin Wilson,NGO,West Aliciaburgh,(522) 862-6624
479,Karen Reeves MD,NGO,Lake Mitchellbury,(365) 174-3809
480,Michael Roberson,NGO,South Davidstad,(821) 945-1712
481,Heather Brown,Shelter,New Michaelport,(137) 622-5038
482,Timothy Garrett,NGO,Andersonview,(907) 532-3328
483,Emily Sandoval,Charity,Port Gregory,(076) 207-0611
484,Mary Harrington,Shelter,Port Jason,(773) 159-6013
485,Debbie Cox,Charity,Christopherchester,(858) 989-1478
486,Ronald Brown,Shelter,New Dustin,(768) 201-4672
487,Micheal Peterson,NGO,West Jeffreyfurt,(094) 330-4095
488,Patrick Jenkins,Charity,West Richard,(117) 098-8608
489,Erin Foster,Charity,Jessicatown,(104) 981-9543
490,Tiffany Smith,NGO,Port Brandon,(150) 954-1064
491,Molly Edwards,Charity,Rodriguezborough,(346) 912-4779
492,Julie Lewis,NGO,South Steven,(557) 352-3497
493,Chelsea Powell,Charity,Lake Rachelburgh,(527) 059-4168
494,Timothy Chavez,Individual,Brooksmouth,(939) 046-4362
495,Andrea Meyer,Individual,Christophertown,(579) 575-4238
496,Kristina Park,Charity,Langburgh,(608) 542-0101
497,Miss Jamie Gonzalez DDS,Charity,Proctorville,(011) 132-1619
498,Dennis Ford,Charity,Port Derekland,(560) 838-8104
499,Ricky Harmon,Individual,Port Chaseport,(817) 399-8610
500,Richard Patterson,Charity,Huynhmouth,(109) 196-0030
501,William Davila,Individual,Gilbertborough,(632) 044-8155
502,Carly Austin,Charity,Connerland,(588) 696-9694
503,Eileen Scott,Charity,Lewismouth,(834) 331-4178
504,Michael Williams,Shelter,Matthewhaven,(511) 204-6271
505,Alexandra Owens,NGO,Bradleyland,(927) 996-1259
506,Mrs. Kim Blackwell,NGO,Port Margaretport,(978) 017-2536
507,Destiny Maldonado,Charity,Carlosfurt,(264) 754-6432
508,Kimberly Wilson,Individual,Susanville,(990) 366-2975
509,Drew Edwards,Charity,Huffmouth,(910) 217-0650
510,Jeremy Christensen,Individual,Ashleyborough,(678) 777-3829
511,Kimberly Cox,NGO,Lake Gloria,(628) 904-6503
512,Anne Stone,Shelter,Pittsville,(468) 482-9531
513,Dr. Ryan Gilbert,Individual,Sarahaven,(527) 386-4611
514,Ashley Bell,Shelter,Olsonland,(733) 905-4924
515,Misty Downs,NGO,Robertview,(064) 359-6470
516,Gary Myers,Shelter,Turnerhaven,(669) 919-8102
517,Taylor Wolfe,Individual,New Travisland,(516) 367-4140
518,Katrina Smith,NGO,Stephanieberg,(577) 112-9949
519,Elizabeth Salazar,Shelter,Paynestad,(655) 147-4123
520,Alexandra Jones,NGO,Lisaborough,(925) 839-2741
521,David Robinson,NGO,Carolinebury,(225) 576-9253
522,Veronica Robinson,NGO,East Cynthiahaven,(108) 881-7279
523,William Fox,NGO,Port Angelafurt,(228) 002-6281
524,Tiffany Rodriguez,Charity,Ramirezhaven,(976) 624-2718
525,Michael Dixon,Charity,Rebeccaview,(579) 632-5450
526,Brian Morales,NGO,Darinland,(409) 939-7232
527,Kelli Fuentes,NGO,East Peter,(579) 200-2768
528,Alexander Dean,Charity,New Robert,(291) 500-3349
529,Amy Perez,Charity,West Jacquelineland,(692) 634-3701
530,Lindsay Yates,Individual,Diazshire,(988) 586-7568
531,Alexandra Rogers,Charity,Paulaburgh,(911) 326-3274
532,David Sellers DVM,Individual,South Michaelfurt,(492) 321-3443
533,Joseph Knapp,Shelter,New Michael,(117) 096-9114
534,Megan Miller,Individual,Anthonyport,(252) 665-5472
535,Jane Avila,Shelter,Christinahaven,(032) 987-2893
536,Margaret Lloyd,Shelter,Phillipston,(551) 266-7292
537,Earl Eaton,Shelter,Port Michaelport,(076) 423-7778
538,Ronald Norton,Individual,Carterton,(311) 060-5846
539,Jessica Lee,NGO,Vasquezberg,(129) 597-1071
540,Cristina Curtis,Individual,East Davidbury,(504) 722-0994
541,Amy Brown,NGO,Shelbyland,(752) 956-3208
542,Savannah Neal,Individual,Ashleeside,(750) 257-4736
543,Brenda Green,Charity,Jacobmouth,(344) 515-4579
544,Matthew Wright,NGO,Port Traci,(782) 074-4708
545,Peter Allen,Individual,Port Kristinechester,(487) 877-1518
546,Meagan Hughes,Charity,Lake Lance,(109) 364-9434
547,James Kennedy,Charity,South Donaldshire,(543) 901-8742
548,Gary Andrews,NGO,Gonzalezstad,(115) 368-3340
549,Trevor Lam,NGO,New Alexismouth,(726) 277-0665
550,Shawn Gibson,Individual,South Eric,(268) 793-0427
551,Kyle Vega,Shelter,West Alexandra,(239) 355-7045
552,Jeremiah Jones,NGO,Shaneport,(322) 311-4182
553,Scott Proctor,Shelter,Adamland,(998) 282-2315
554,Margaret Mccullough,Charity,Ortizmouth,(888) 890-3956
555,Mary Lewis,Individual,Port Richard,(443) 680-8966
556,James Wolfe,NGO,Woodsfurt,(337) 791-7990
557,Andrea Mcdaniel,NGO,Kingville,(938) 395-0602
558,Samantha Salinas,Charity,Rayberg,(301) 396-8153
559,Randy Martinez,Shelter,Brownville,(788) 451-1379
560,Matthew Mendez,Shelter,South Meganland,(406) 192-3141
561,Andrea Morris,NGO,Hallton,(151) 391-8350
562,Antonio Murphy,NGO,West Kevin,(177) 564-0300
563,Brandon Johnson,Charity,Randyville,(150) 160-9543
564,Justin Smith,Individual,Pottertown,(588) 874-3231
565,Brian Blankenship,Charity,East Jordanborough,(450) 291-6223
566,Michael Lewis,Individual,East Kimberlymouth,(072) 078-1249
567,Peggy Knight,Shelter,North Michaelville,(293) 241-7469
568,Melissa Mclaughlin,Charity,Roberttown,(671) 908-7777
569,Danny Randolph,Shelter,South Yolanda,(029) 011-8582
570,Anthony Cochran,Individual,Port Todd,(960) 253-0828
571,Lydia Phillips,Shelter,North Hollyland,(704) 162-2429
572,Diana Blair,Shelter,Murrayside,(632) 774-3398
573,William Clark,Shelter,Port Courtneyland,(468) 952-7647
574,Mr. William Hunt,Shelter,Barreratown,(564) 854-6978
575,Jennifer Davila,Shelter,Hollandburgh,(401) 371-8447
576,Justin Lopez,Individual,East Stephenton,(526) 153-8449
577,Thomas Burch,Charity,North Lori,(390) 882-5868
578,Larry Bradshaw,NGO,Lake Cody,(843) 597-3151
579,Nancy Guerrero,Individual,South Elizabeth,(891) 381-7696
580,Yesenia Solomon,Charity,Port Paulaton,(776) 587-0514
581,April Mcintosh,Charity,North Sherribury,(925) 387-5931
582,Douglas Cook,Shelter,Hunterbury,(872) 454-8537
583,Sean Henderson,NGO,Lake Gregory,(553) 326-4934
584,Austin Vance,Shelter,Whiteside,(074) 087-1962
585,Mark Lewis,NGO,Lisaview,(894) 554-0220
586,Amy Barker,Shelter,North Nathanville,(806) 821-3010
587,Jennifer Clark,NGO,Spencermouth,(862) 196-7109
588,Laurie Alvarez,Shelter,North Raymond,(463) 392-9887
589,Nicole Williams,NGO,West Richard,(727) 771-3700
590,Terry Fernandez,Shelter,Mooreburgh,(506) 052-7523
591,Susan Clark,NGO,Beckville,(020) 435-7439
592,Michael Pennington,Charity,South Gabrielmouth,(905) 420-9084
593,Douglas Mann MD,NGO,North Lisaburgh,(318) 039-9487
594,Sheri Johnson,Shelter,North Christopher,(253) 920-0751
595,Courtney Whitney,Individual,West Mariashire,(528) 446-7897
596,Natalie Navarro,Shelter,West Carrieberg,(433) 742-6627
597,Willie Nichols,Charity,Jonesland,(117) 609-7351
598,Alexa Guerra,NGO,Ariasbury,(769) 192-3865
599,Christopher Davis,NGO,South Yvettestad,(496) 952-5072
600,Bruce Alexander,Individual,New Tammyhaven,(376) 501-2938
601,Peter Gonzalez,Shelter,Biancaton,(112) 578-4601
602,Paul Carter,Individual,Kinghaven,(108) 002-5301
603,Christina Caldwell,Shelter,New Christopherburgh,(457) 874-5807
604,Ashley Hall,Individual,Butlerborough,(547) 344-3774
605,Tara Johnson,NGO,East Nathan,(901) 797-3598
606,Jenna Bowen,Shelter,Nicoleside,(682) 183-9790
607,Sean Wolf,NGO,Mcfarlandhaven,(490) 913-7034
608,Oscar Bauer,Charity,South Nicoleberg,(874) 507-6783
609,Brian Riddle,Shelter,Jenniferbury,(149) 318-9525
610,Jimmy Morton,Charity,New Carrie,(721) 348-0570
611,Jeff Rivas,Charity,Mcdanielmouth,(675) 065-4290
612,Meredith Griffin,NGO,Patriciamouth,(330) 818-7400
613,Renee Campbell,Shelter,North Tiffanyfort,(199) 375-0653
614,Peggy Parker,Shelter,South Waynefurt,(643) 518-3066
615,Rachel Carson,NGO,Robertside,(910) 852-2109
616,Christopher Wright,Shelter,New Kellytown,(631) 074-8622
617,Justin Lee,Individual,Shelleyburgh,(199) 646-5303
618,Samuel Mendez,Individual,Andersonland,(064) 431-0381
619,Taylor Estrada,NGO,Nguyenview,(351) 556-5960
620,Cassandra Foster,Individual,West Danielview,(283) 047-5421
621,David Jordan,Individual,Mendozabury,(705) 816-8331
622,Gary Torres,Charity,Kimberlyview,(816) 141-2613
623,Phillip Rogers,Individual,Keithstad,(626) 554-6466
624,Alvin Day Jr.,NGO,East Heatherbury,(722) 127-8600
625,Paul Lee,NGO,Stephenchester,(874) 157-5024
626,Theresa Gonzalez,Charity,Port David,(050) 568-6038
627,Beth Chavez,Shelter,East Nicole,(249) 991-1004
628,James Gardner,NGO,Morenoborough,(405) 211-3183
629,Andrea Hansen,NGO,Lake Mary,(407) 525-5651
630,Sarah Ochoa,Charity,Vancebury,(918) 255-1669
631,Diana Fisher,Shelter,New Daryl,(974) 391-4500
632,Austin Smith,NGO,North Marcusbury,(219) 381-8831
633,Jay Higgins,NGO,Perezhaven,(880) 990-8313
634,Jessica Watkins,Charity,Robertton,(368) 959-4075
635,Lisa Marshall,Charity,Johnville,(375) 423-1187
636,Devon Burton,Charity,Blakehaven,(907) 108-9325
637,Benjamin Soto,NGO,West Garretthaven,(869) 395-8395
638,Timothy Browning,Charity,Moralesfort,(836) 247-3024
639,Jeffrey Vaughan,Charity,Cameronfurt,(129) 365-7408
640,Joseph Smith,NGO,Anthonystad,(716) 698-3766
641,Robert Jones,Shelter,East Antoniobury,(480) 168-1124
642,Sarah Rose,NGO,New Ryanmouth,(247) 388-0838
643,Mary Morrow,NGO,Melaniehaven,(995) 921-9720
644,Deanna Brown DDS,Individual,Fowlerburgh,(695) 147-4833
645,Steven Armstrong,NGO,Robertfurt,(216) 155-9564
646,Maria Lee,Individual,West Juanchester,(433) 729-7840
647,Christine Davis,Charity,Josephton,(144) 359-7605
648,Heather Stewart,NGO,South Lucasview,(518) 936-4091
649,Cory Schmidt MD,Individual,Johnsonville,(915) 535-6309
650,Nicholas Peterson,NGO,West Troyview,(528) 783-1533
651,Rebecca Mcbride,Charity,Port Timothymouth,(159) 421-4100
652,Sandy Ward,Shelter,North Michael,(532) 646-0437
653,Jason Garcia,Shelter,Port Mariemouth,(229) 688-4610
654,John Murray,Shelter,Fernandezberg,(664) 004-0117
655,Lauren Golden,NGO,Michealstad,(509) 120-3093
656,Christopher Clark,NGO,Port Peggyshire,(020) 961-4423
657,Patricia Salas,Individual,Port Maryshire,(569) 514-7193
658,Frank Olson,Shelter,South Anthonyside,(996) 747-5678
659,Elizabeth Stewart,NGO,Kempstad,(659) 731-0182
660,James Hernandez II,Charity,Kenthaven,(036) 235-2960
661,Robert White,Charity,Petersonmouth,(982) 838-9359
662,Gabriel Harris,Individual,Port Shannonhaven,(853) 034-2142
663,Michael English,NGO,Lake Daniel,(612) 320-3740
664,Joseph Nelson,Individual,Phillipston,(780) 032-7079
665,Felicia Collier,NGO,Toddstad,(113) 202-4089
666,Meredith Hull,NGO,Markfurt,(575) 879-8768
667,Christine Beasley,Individual,Jensenland,(667) 729-4034
668,Maria Singh,NGO,Brandonhaven,(353) 127-1876
669,Karen Cox,Charity,Davidland,(791) 759-9054
670,Amber Hobbs,NGO,Rogersfort,(914) 864-5127
671,Cindy Green PhD,NGO,Sharpfurt,(674) 418-4457
672,Janice Thornton,Charity,Allenmouth,(646) 735-9177
673,Shelly Castillo,Charity,Chenview,(984) 641-2359
674,Stephen Harris,Charity,Port Seanshire,(163) 880-7237
675,Robert Day,NGO,Goodmanfort,(284) 742-4202
676,John Williams,Charity,Brooksborough,(057) 537-1761
677,Joshua Rush,Charity,New Mark,(602) 694-4031
678,Joseph Johnson,NGO,South Jasminechester,(412) 202-8352
679,Alexis Rodriguez,Shelter,South Shirleymouth,(748) 827-8108
680,James Lewis,NGO,Richardton,(151) 287-1850
681,Becky Hernandez,Shelter,Jeanshire,(950) 510-9795
682,Paige Lewis,Shelter,Karenfort,(150) 608-5231
683,Mark Williams,NGO,Taylorport,(520) 963-8410
684,Kiara Martinez,Individual,Ellisborough,(829) 939-8804
685,Angela Knight,Individual,Port Joshua,(491) 330-2377
686,Spencer Roberts,Charity,East Sheenahaven,(074) 920-1029
687,Danny Palmer,NGO,North Erikhaven,(931) 315-8378
688,Jeffrey Turner,Charity,East Tiffanyview,(321) 160-3094
689,Michael Murphy,NGO,Lake Sheilaland,(887) 843-6402
690,Jeffrey Knight,Individual,Wardshire,(207) 794-8313
691,Brittany Williams,Individual,Christinehaven,(078) 314-8173
692,Christopher Stokes,Individual,Joshuahaven,(305) 048-7931
693,Carl Brewer,Individual,Nelsonbury,(846) 764-5157
694,Rachel Arnold,Shelter,New James,(087) 674-1329
695,Janet Newton,Individual,West Amandaport,(930) 590-8261
696,Kellie Hart,Charity,Changview,(235) 589-9126
697,Laura Leach,Charity,Davidtown,(546) 594-0771
698,Dawn Rodriguez MD,Charity,New Shauntown,(083) 624-3293
699,Sabrina Johnson,Charity,East Emily,(552) 124-3791
700,Kimberly Duncan,Shelter,West Monica,(851) 158-2436
701,Amber Arellano,NGO,South Marymouth,(718) 425-8787
702,Rebecca Chan,Charity,West Brittany,(279) 707-3052
703,Mr. Jonathan Williams,Individual,Bruceburgh,(606) 010-6061
704,Jason Lowe,NGO,Sarahside,(063) 115-0253
705,Christopher Sellers,Charity,East Nathanstad,(570) 957-6832
706,Shannon Jensen,Shelter,Lake Kevinport,(378) 570-1120
707,Jason Martin,Charity,New Frederickfort,(501) 877-7120
708,Jacob Mendez,Individual,South Jason,(818) 358-6757
709,Matthew Sanchez,Individual,New Stephanie,(131) 083-4622
710,Eric Carrillo,Shelter,Nicholsonland,(905) 007-8793
711,Mark Carroll,Shelter,Lovestad,(762) 369-5612
712,Laura Graham,NGO,Mercerport,(096) 804-5311
713,Robert Moses,Shelter,Port Terry,(629) 870-5299
714,Adam Phelps,Individual,North Amanda,(586) 612-6376
715,Tyler Christensen,Charity,Lake Douglas,(306) 691-2501
716,Angela Gregory,Individual,Lake Tracytown,(817) 856-6676
717,Jonathon Gregory,Individual,Shortfort,(040) 511-7461
718,Matthew Brown,Individual,Port Amberfurt,(785) 336-0978
719,Brian Oneill,NGO,East Stephaniefort,(423) 691-4227
720,Jeremiah Terry,Individual,Nicoleberg,(095) 501-3103
721,Ashley Ramirez,Charity,Heatherburgh,(604) 382-3103
722,Deanna Owens,NGO,South Mark,(865) 410-9397
723,Lisa Kim,Individual,New Brandyhaven,(465) 856-2095
724,Randall Ford,Shelter,East Tasha,(072) 037-8421
725,Edward Lopez,NGO,New Matthewton,(683) 591-7229
726,Tammy Brown,Shelter,Victorton,(244) 569-1621
727,Troy Jimenez,Shelter,Port Marc,(829) 246-2756
728,Dustin Stark,Charity,Kimberlymouth,(716) 950-4574
729,David Spence,Charity,Port Curtisside,(843) 006-1807
730,Felicia Glover,Shelter,East Michael,(982) 844-2370
731,Jacob Scott,Charity,South Jenniferburgh,(857) 216-8483
732,Jessica Shields,Shelter,South Richard,(519) 092-5018
733,David Fox,Individual,Longmouth,(542) 800-4782
734,Amanda Buchanan,NGO,Perryton,(121) 718-4571
735,Kyle Scott,Individual,Reedview,(980) 204-3107
736,Damon Schmidt,Charity,Cummingschester,(695) 722-3687
737,James Brown,Shelter,Lake Catherine,(152) 508-8754
738,Matthew Morgan,Charity,Robertton,(535) 512-2781
739,Nancy Jones,Shelter,West Bradley,(806) 457-8047
740,Denise Lucas,Charity,East Jamesmouth,(006) 775-8489
741,Amber Burnett,Charity,Garciashire,(901) 355-9555
742,Matthew Webb,Charity,West David,(998) 341-9445
743,Nicholas Tucker,Charity,Port Samantha,(290) 071-2070
744,Matthew Deleon,Individual,Danielsview,(006) 940-9278
745,Jose Vance,NGO,Lake Heatherberg,(216) 620-7837
746,Kenneth Barnes,NGO,South Lindsay,(868) 434-0244
747,Vanessa Johnson,Shelter,Wilsonshire,(151) 347-7079
748,Bridget Williams,Charity,South Williamview,(079) 347-2416
749,Michael Craig,Individual,Moralesburgh,(131) 489-9950
750,Levi Lucas,Charity,North Vanessamouth,(095) 763-5392
751,Travis Johnson,Shelter,South Edward,(785) 640-1614
752,Cassidy Alvarado,Individual,Leahchester,(825) 364-4624
753,Samantha Potter,Charity,Aguilarbury,(541) 434-4196
754,Michael Ford,Individual,New Sean,(389) 988-8452
755,Eugene Beltran,Shelter,South Samanthaburgh,(696) 616-2431
756,Emma Anderson,NGO,Lake Michelle,(369) 347-5266
757,Christopher Garcia,Charity,North Danielchester,(837) 555-5633
758,Jennifer Lucero,NGO,South Theresaberg,(386) 105-5091
759,Kathleen Watkins,Shelter,Hardyberg,(435) 788-4119
760,Gina Blankenship,Shelter,Brittanyborough,(318) 721-7199
761,Douglas Roberts,Shelter,Deanstad,(988) 077-7950
762,Donna Chang,NGO,East Stevenborough,(956) 496-2501
763,Karen Williamson,Shelter,Sandovalmouth,(857) 588-4472
764,Krista Williams,Shelter,Oliverberg,(481) 437-3776
765,Joshua Hooper,Shelter,Buchananton,(013) 463-1430
766,John Reynolds,Shelter,Grahambury,(062) 085-9402
767,Jordan Hart,Shelter,East Julietown,(161) 753-6365
768,Mary Wilson,Charity,Lake Kimberlyton,(484) 336-3858
769,John Warner,Shelter,Cookhaven,(003) 320-5395
770,Jacob Gibbs,Charity,New Jesus,(806) 265-1675
771,Emily Gallagher,Individual,Wagnerburgh,(491) 663-1678
772,Cassandra Yoder,Charity,Danielfurt,(928) 766-0621
773,Hunter Richards,NGO,West Victoriaberg,(581) 778-1214
774,Tracy Bass,NGO,South Jessicaburgh,(461) 258-4749
775,Thomas Nelson,Charity,Donnamouth,(227) 601-8962
776,James Thompson,Shelter,Ronaldmouth,(121) 732-7913
777,Julie Dickerson,Shelter,Diazbury,(383) 138-2733
778,Kristie Townsend,Shelter,Melissaberg,(167) 438-9582
779,James Turner,NGO,North Mallorystad,(700) 709-7978
780,Jacqueline Johnson,Shelter,Jeffreyland,(208) 657-1423
781,Jason Taylor,NGO,Reginaburgh,(150) 638-0354
782,Timothy Burns,Charity,East Janetstad,(262) 555-7560
783,Monica Phillips,Charity,New Phillipfurt,(188) 588-9838
784,Jill Harris,Shelter,Josephfurt,(039) 813-7188
785,Melissa Lee,Charity,Brownport,(833) 194-0479
786,Robert Kim,Shelter,Port Gabrielleborough,(513) 156-7998
787,Rachel Rios,NGO,Sarahaven,(319) 104-8885
788,Beth Phillips,NGO,Zacharyview,(293) 383-2279
789,Laura Robertson,NGO,Hansonfurt,(616) 851-6533
790,Stephanie Smith,Charity,West Carrieport,(028) 411-5954
791,David Kennedy,Charity,Port Caleb,(061) 612-9715
792,Tamara Frey,Shelter,Deanfort,(976) 168-5693
793,Renee Anderson,Charity,Princehaven,(040) 132-4956
794,Lee Nunez,Individual,Andersonfort,(468) 857-1870
795,Caitlin Cobb,Charity,North Andresport,(968) 871-4930
796,Lisa Carroll,NGO,South Jamesfort,(223) 842-8919
797,Robert Becker,Charity,Danielland,(060) 756-0612
798,James Estrada,Individual,Westport,(020) 450-8542
799,Adam Moore,Charity,East Josephview,(119) 080-3260
800,Anthony Garcia,Individual,Brownbury,(845) 541-9687
801,Samantha Simpson,Shelter,West Meganmouth,(030) 832-3866
802,Lisa Cruz,Charity,Stevenmouth,(372) 091-7748
803,Joseph Stafford,Shelter,Lake Lindseystad,(812) 782-5617
804,Elizabeth Cochran,NGO,Theresabury,(771) 135-0025
805,Sharon Martin,Individual,South Michelleport,(885) 889-2008
806,James Miller,NGO,Lisabury,(499) 819-6868
807,Taylor Miller,NGO,Josephside,(022) 270-5486
808,Pamela Finley,Individual,Harrisfurt,(160) 542-5380
809,Karen Cain,Individual,East Daisybury,(506) 960-4185
810,Cody Meyer,NGO,Westshire,(415) 147-2095
811,Scott Schroeder,Shelter,Markfurt,(229) 042-2531
812,Sabrina Klein MD,Individual,Shawhaven,(071) 615-4555
813,Amber Hale,Individual,Comptonside,(750) 235-2728
814,Michael Petersen,NGO,Maryside,(454) 301-1932
815,James Miller,NGO,North Dawn,(359) 139-7284
816,Jeremiah Hampton,Charity,South Sheryl,(837) 048-4121
817,Victoria Torres,Charity,Martinchester,(624) 780-9445
818,Danielle Hayes,NGO,Andreaberg,(131) 092-7379
819,Christina Lambert,Shelter,Delgadofort,(637) 516-9143
820,Patrick Velasquez,Individual,West Jacob,(606) 166-7246
821,Jeffrey Wilson,Charity,Davisport,(245) 390-7219
822,Aaron Malone,Shelter,East Mark,(803) 136-6978
823,James Rose,Shelter,East Amandaberg,(658) 204-7743
824,Madison Myers,Shelter,Cruzland,(123) 500-8333
825,Charles Morris,Charity,New Olivia,(006) 107-4825
826,Mr. Steven Reeves MD,Individual,West Jacquelinefort,(263) 739-4608
827,John Simmons,NGO,North Tanner,(797) 388-6145
828,Jason Mcpherson,Shelter,Michaelside,(403) 693-4197
829,Mr. Brian Fox,Charity,Scottbury,(301) 316-4760
830,Jeffrey Cooper,Shelter,Lake Christian,(877) 245-5095
831,Samantha Ellison,Individual,New Kimberly,(522) 437-7292
832,Kylie Young,Shelter,Ginaview,(913) 118-6244
833,Kelly Pierce,Shelter,West Josephland,(370) 467-1150
834,Renee Flynn,Individual,South Mark,(093) 501-8423
835,Jennifer Wright,Shelter,Lauratown,(257) 556-3261
836,Scott Craig,Shelter,South Lisa,(118) 382-6136
837,Michelle Reed,Shelter,West John,(107) 216-8815
838,Jessica Stephens,Charity,West Michaelton,(358) 977-8320
839,Michael Cox,NGO,North Kelly,(953) 739-5146
840,Mary Anderson,Shelter,South Mirandamouth,(148) 126-0133
841,Brian Reed,NGO,Amandaburgh,(640) 564-9498
842,Robert Stewart,Shelter,New Laura,(873) 501-6244
843,Glenn Anthony,Charity,Halltown,(502) 960-7549
844,Andrew Gray,Individual,Lake Dustin,(448) 005-7192
845,Adam Horton,NGO,Ramosberg,(364) 423-0076
846,Charles Aguilar,NGO,Johnsonchester,(148) 261-9107
847,Wesley Myers,Shelter,Meganburgh,(285) 991-7532
848,Terrence Wagner,Individual,Taraside,(832) 246-7583
849,Kyle Johnson,Shelter,Ellisshire,(887) 766-6073
850,Kristopher Mendoza,Individual,Bradfurt,(678) 116-6339
851,Christina Brown,NGO,Wyattton,(983) 034-7865
852,Jo Martinez,Charity,Port Williamtown,(264) 342-6012
853,Tanya Lowe,Charity,Crawfordchester,(677) 596-9794
854,Christopher Diaz,Individual,Lorifurt,(442) 106-2480
855,Robert Abbott,NGO,Collierburgh,(114) 532-8181
856,Amanda Brown,Individual,New Larryshire,(176) 330-5060
857,Jennifer Taylor,Individual,Lake Kaylamouth,(024) 241-1359
858,Ashley Harris,Individual,Lake Stephenchester,(680) 582-4607
859,Dana Williams,Charity,Cookstad,(525) 999-5693
860,James Knight,Charity,Kirkfort,(001) 504-4343
861,Ashley Clark,NGO,Poolebury,(518) 622-6804
862,Justin Martinez,Individual,New Erikamouth,(697) 357-7122
863,Jessica Camacho,Individual,Billyland,(190) 674-9988
864,Justin Anderson,NGO,South Craigborough,(967) 629-8865
865,Katherine Houston,Individual,Lake Joshuabury,(935) 420-0196
866,Jose Cooper,Shelter,Pooleside,(083) 601-2157
867,Tara Williams,Individual,New Dakotahaven,(724) 610-8348
868,Kayla Erickson,Shelter,West Lindseyside,(213) 752-6967
869,David Mendoza,Charity,North Shawnastad,(517) 864-9061
870,Joshua Mendoza,Charity,North Amy,(842) 876-7043
871,Veronica Adams,Individual,Natalieside,(385) 712-3680
872,Lori Peters,Individual,Annaborough,(270) 652-6057
873,Darius Reid,Charity,Port Philipmouth,(306) 939-5162
874,Danny Brown,Individual,East Shirley,(829) 371-2280
875,Scott Smith,Individual,New Donnahaven,(376) 965-5711
876,Jeremy Robinson,NGO,Jamesview,(097) 198-3229
877,Jeffrey Stafford,Shelter,North Nicholasborough,(454) 460-2468
878,Cory Johnson,NGO,Port Robertmouth,(944) 311-5766
879,Bridget Hill,Charity,South Emily,(868) 465-2331
880,Kristen Foster,Shelter,North Ricardo,(749) 252-8592
881,Alan Riley,NGO,Tylermouth,(191) 620-2120
882,Steven Shaffer,Shelter,Rodneyport,(799) 793-9460
883,Aaron Rios,NGO,New Jeffreyhaven,(543) 629-4859
884,Mary Evans,Shelter,North Josephmouth,(248) 457-5683
885,James Hardin,Individual,East Robert,(716) 035-6813
886,Amber Cruz,Shelter,Allenborough,(077) 073-1734
887,Jean Woods,Shelter,Fernandezchester,(688) 546-8304
888,Matthew Davis,Charity,Birdview,(136) 747-5533
889,Holly Aguilar,NGO,West Sara,(799) 506-2068
890,Joseph Whitaker,NGO,Jamesborough,(059) 271-8576
891,Thomas Myers,Shelter,North Haleyhaven,(579) 856-5722
892,Brian Hardy,NGO,Lake Williamhaven,(062) 642-7542
893,Carrie Hess,Charity,Jarvisshire,(828) 067-9673
894,Tammy Fletcher,Charity,New Adrian,(219) 550-2711
895,Ms. Deborah Campos,Individual,West Barry,(579) 948-5058
896,Jennifer Smith,Shelter,Josephton,(179) 728-0744
897,Shelby Rice,Shelter,New Loriberg,(213) 470-2112
898,Emily Ramos,Shelter,East Michaelview,(033) 795-7197
899,Rachel Pena,NGO,Grossport,(523) 668-5935
900,Hannah Reynolds,Charity,East Kevinberg,(731) 040-5330
901,Donald Caldwell,Shelter,Dawsonberg,(191) 071-2217
902,Michelle Riley,NGO,New Juliaton,(012) 497-9466
903,Cindy Robinson DDS,Shelter,Franklinview,(418) 623-9588
904,Amanda Kline,Shelter,East Travis,(265) 376-3204
905,Ann Odonnell,Charity,East Michael,(926) 345-7660
906,Christopher Gonzalez,Shelter,Payneland,(510) 241-2999
907,Jamie Jenkins,NGO,New Melanie,(676) 903-9528
908,Abigail Crawford,NGO,Lake Shawn,(010) 152-8668
909,Matthew Cordova,NGO,Rubioborough,(905) 589-8944
910,Tina Donaldson,Shelter,Lake Brandibury,(736) 446-4714
911,Devon Martinez,Individual,Jessicaland,(861) 258-2469
912,Katelyn Proctor,Charity,Williamsborough,(949) 271-7461
913,Jeffrey Jones,NGO,Kennethmouth,(297) 229-2136
914,Jeffrey Walker,Individual,Woodardview,(028) 472-1603
915,Deborah Garza,Shelter,South Alanville,(695) 589-2656
916,Lindsey Mathis,Shelter,Ianland,(816) 558-5061
917,Michael Townsend,Shelter,East Kevin,(034) 803-8502
918,Katrina Cruz,Charity,Jenkinsfurt,(709) 191-5616
919,Sarah Brown,Shelter,North Christina,(119) 880-7367
920,Gregory Rodriguez,Charity,West Davidview,(671) 667-1616
921,Kelly Walls,Individual,Lake Victoriaton,(857) 517-5280
922,Savannah Holland,Individual,Kelleystad,(487) 688-7575
923,Victor Diaz,Shelter,Darinview,(561) 923-0470
924,Sarah Roberts,Shelter,North Janetland,(513) 459-3188
925,Cassidy Davis,Individual,West Donaldmouth,(815) 359-4471
926,Kimberly Ware,Individual,East Sheriton,(078) 266-0266
927,Mary Escobar,Individual,Gloriaview,(663) 863-6846
928,Barbara Richards,Charity,Carlostown,(524) 811-9365
929,Donna Terry,Charity,Mathistown,(104) 858-7570
930,Joseph Smith,Shelter,Dunnbury,(909) 913-1799
931,Rhonda Lewis,Individual,South Michael,(068) 151-1254
932,Justin Stevens,Charity,South Mary,(756) 051-1371
933,Jodi Lee,NGO,West Paulfort,(351) 796-2649
934,Dr. Wendy Terrell,Charity,Erikashire,(566) 236-8791
935,John Harris,NGO,Riverafort,(827) 545-0294
936,Jacob Horton,NGO,Port Douglasland,(286) 744-5283
937,Mark Ward,NGO,Port Jonathanton,(038) 431-1430
938,Matthew Thornton,NGO,Hayesfort,(108) 406-9823
939,Chad Vaughn,Charity,Lake Brandonborough,(565) 199-2977
940,Lynn Lucas,Charity,Elizabethberg,(689) 129-0146
941,Jessica Boyd,NGO,South Heather,(758) 410-5626
942,Earl Hess,Charity,Rodneyborough,(009) 175-1556
943,Rebecca Lucas,Charity,New Jessicabury,(721) 446-3873
944,Sharon Wood,Charity,New Melindashire,(528) 217-6863
945,Alex Leon,Individual,Caitlynhaven,(667) 114-0630
946,Taylor Mann,Charity,North Lawrence,(766) 748-2534
947,Debra Webster,Charity,East Debramouth,(930) 291-9053
948,Thomas Castaneda,NGO,West Ashleymouth,(182) 504-4729
949,Allison Pennington,Individual,North Lydiaberg,(586) 713-6798
950,Caitlin Bennett,NGO,Delacruzborough,(351) 050-3132
951,Brittany Mcclain,Individual,Robertville,(811) 036-2093
952,Sarah Morgan,Charity,Gilbertfurt,(630) 809-8000
953,Tina Anderson,Charity,Port Jonathanhaven,(102) 168-5649
954,Mark Russell,NGO,Nathanstad,(381) 175-3680
955,Christopher Wong,Charity,Jacquelineshire,(745) 135-7397
956,Jacqueline Fernandez,Charity,Kennethside,(573) 412-8522
957,Angela Hall,Charity,Greenville,(257) 624-3615
958,Scott Brown,Individual,Oneillland,(879) 448-7571
959,Samantha Gomez,Charity,Suzanneton,(955) 495-8534
960,Jason Hughes,Shelter,Myerstown,(851) 627-0395
961,Tyler Gray,NGO,West Dustinberg,(374) 850-8848
962,Donald Anderson,Shelter,North Stephanieborough,(224) 951-1888
963,Victor Ward,NGO,Johnhaven,(628) 048-2026
964,Donald Moore,Individual,Davisfort,(742) 164-8768
965,Ashley Silva,NGO,Port Thomas,(553) 048-3123
966,Sheila Lang,NGO,Lake Larryborough,(585) 286-2289
967,Samantha Sherman,Individual,Port Cindyberg,(659) 277-6748
968,Mr. Joseph Herring,Individual,Mariefurt,(839) 044-2094
969,Leon Foster,NGO,Bennettton,(198) 936-9076
970,Brandon Rice,Shelter,South Benjamin,(563) 122-2255
971,Teresa Estrada,Individual,Mayburgh,(320) 778-4104
972,Patricia Joseph,Individual,Lauraport,(611) 927-6696
973,Brian Johnson,NGO,Patrickfort,(751) 479-5501
974,Mark Miller,NGO,North Joshua,(011) 361-1154
975,Danielle Bullock,Individual,Amandafurt,(888) 253-9476
976,Tammy Patrick,Individual,Clarkton,(671) 552-9014
977,Pamela Scott,Charity,South Paul,(310) 642-0442
978,Adam Evans,Individual,Lake Sonya,(484) 398-0067
979,Rebecca Wright,Charity,Teresastad,(707) 387-4410
980,Elizabeth Fisher,Shelter,Carrborough,(298) 908-3776
981,Dawn Jennings,Shelter,Port Cody,(085) 759-6512
982,Thomas Villanueva,NGO,Gutierrezmouth,(338) 603-9644
983,Joanna Black,NGO,North Jacobhaven,(781) 950-5825
984,Steve Kirby,Charity,Travishaven,(815) 195-8711
985,Thomas Sanchez,NGO,Rodneyfurt,(231) 592-1072
986,Rita Kane,Shelter,South Jamie,(347) 306-2056
987,Becky Smith,Shelter,East Renee,(790) 708-7489
988,Kristi Rodriguez,Charity,Nielsenberg,(349) 864-5409
989,Timothy Bradshaw,Individual,North Laura,(451) 260-5312
990,Patricia Hardy,Shelter,Thomasport,(076) 687-3532
991,Lindsey Wagner,Shelter,Jessicaburgh,(401) 052-7584
992,James Curry,Individual,Port Johnside,(223) 043-8999
993,Alexis Hayes,Shelter,Matthewmouth,(543) 812-0534
994,Angelica Simmons,NGO,Port Kellifort,(902) 942-8232
995,Brittany Taylor,Individual,Andrewsport,(296) 568-7106
996,Matthew Curtis,Shelter,Lanechester,(127) 889-4442
997,Amanda Cain,NGO,New Steven,(001) 491-5601
998,Theodore Briggs,Individual,South Sandra,(930) 609-9442
999,Cheyenne Ramsey,NGO,Lake Jeffery,(326) 320-4816
1000,April Miller,Shelter,Shelbychester,(894) 873-2652
